0,375844542040486;0,52639009433753;0,240620574685675;0,190190339321038;-0,0686933466245288;0,289233923302529;0,0657410768163899;0,0963536593562211;0,756577000146473;-0,25154128650775;0,186495708809674;0,424876893380156;0,516564234381841;0,0712159913068216;-0,985411938645862;-0,0298261664156457;-0,0234003156700013;0,694791816662168;0,149694794950256;0,628626950650958;0,0122226587069727;0,112426172276023;-0,0997431594398456;0,174318869729753;-0,0591788489693973;-0,265027783266394;0,185669985520666;0,303589091148981;-0,171997068786602;-0,0191706283755075;0,36134706296281;0,297941907170525;-0,154212250948033;0,611731288294105;0,292968188283745;-0,602826248588129;-0,127899011374524;0,312220978046302;0,17201367417298;0,414054044348194;-0,133320615827169;-0,137236852087738;0,128042297299477;-0,301965351071778;-0,527080576199348;0,224592757954928;-0,309162595971311;-0,321254049675605;0,592983638092897;0,114210318187731;-0,847252782105181;0,161069697875762;-0,577687400422924;0,143375312021053;-0,327338828200567;0,0615767061532627;-0,178794203883835;-0,26354770840078;0,105411220232604;0,338963381471507;1,02913886055372;-0,235639215496981;-0,056967064534162;0,836200595000744;0,340269618094523;0,123479214713072;0,50812893548802;-0,296214411670991;-0,0651029471923857;-0,463504977169892;0,384998625662136;0,07740541379132;
-0,265874262518337;0,351270367152569;0,646903289938912;0,199142909605018;0,0218625484755473;-0,621610335570338;-0,207411263337361;0,0635554784506743;0,0758772756525301;0,102786749920176;0,319551559611792;-0,023401116739729;0,605639022507967;-0,198231722625329;-0,211899084543265;0,345793840018517;0,290883354701527;-0,264521647729254;0,529654614959165;0,35310177870738;0,436376066407232;-0,411781462912558;-0,303803245712752;0,27620082968139;0,0861408013449949;-0,622116236917535;0,320303656401525;0,128543552613054;-0,263260289954451;0,311055016146063;-0,201470551536173;-0,148539026671604;-0,402238830947604;0,363535602999743;-0,316138121921013;-0,382910446321455;0,34139172989325;0,0777428899527889;-0,228819347127629;-0,459997803048429;-0,00909750029752038;-0,4580218195932;0,168068883524665;0,0981651463386407;-0,354335353910509;0,427240244565798;0,545801788829523;-0,233311179801546;-0,274537142385082;0,44578306576404;-0,00878236365537208;-0,510142182289484;-0,350758113370094;-0,146339839514333;-0,00735061051589037;0,52264453002445;0,202721107681212;-0,492125936714044;-0,0095400658070759;-0,299963985966582;0,0499866579512119;0,487477374442112;0,200867964281306;0,0383556500148273;-0,125950819427337;-0,00881575735758768;-0,28980429440144;-0,47116434729643;0,534661960161666;-0,469444856038059;0,620425830659091;-0,235570117075074;
0,38022139054605;0,0713403418671989;-0,277222935408184;0,254595437307785;-0,197955869187506;0,00873254766277585;0,0398502020088961;0,104816736434159;-0,16181347991034;-0,323425069676686;-0,153533238422147;-0,22296666476325;0,0480507679400424;0,332395984630125;0,569612188128945;-0,396133489716264;-0,322347769194116;-0,0383427797980992;-0,165517110761771;0,36987285894051;0,36380918000446;-0,418770847623389;0,208638903731331;0,0993107090961711;0,218214799092723;-0,297512533446427;-0,103683259857402;0,0612583613628364;0,316224080838868;-0,0715105541806773;0,0197464441930813;-0,332925057310007;-0,550635028550813;-0,188875365843225;-0,0897553612026759;0,16144894837081;-0,565473588555986;0,360957768172436;-0,13362070883821;0,00245842368286494;0,191801718295916;-0,327777174869801;0,430309211454614;-0,114774651896044;0,0489161182031228;-0,352158926339082;-0,315402508044984;-0,111608848592066;0,288562404292527;-0,394535768829808;-0,451252394687576;0,135628165045911;0,336435382730729;0,552719763180069;-0,170050781741612;0,0924138161596089;-0,417262987720669;0,302705714629731;-0,28523645492422;-0,316358923589897;0,371192209006696;0,291326184338876;0,425704347336055;0,282694432583162;0,212447560872097;-0,288189890693205;-0,182968111437927;-0,123262684784572;0,0883591839085601;-0,317072160297673;0,618588868349208;-0,208129970810158;
-0,482435558006384;0,333010005200809;-0,212526829311114;0,258630322214713;-0,140748192037133;-0,988103163576632;-0,799939686044065;-0,308126533722469;-0,396168887494105;0,0196805726312396;1,04934320629918;0,488528103358142;0,190765734589087;0,419401635038655;0,100341351406305;-1,28625667683292;-0,192744801575337;0,310031865932005;0,0271496081992103;0,054909637889937;0,168121110137199;0,225656642278193;0,120539640897386;0,439253879308064;-0,198071111830137;-0,826363225543451;0,414864395061182;-0,477426871583857;0,611006114862841;0,392670925397173;0,408086279858479;-0,422579810120988;-0,138924934314948;0,0155412903964286;0,220088955426521;-0,240746579011102;0,768141846841226;0,850349594423349;0,481285211339875;0,997566100454249;-0,137038423581078;0,319623191128474;-0,337754063673991;0,106836032944501;0,518832209676027;-0,0606031638095485;-0,312276300414005;0,29235769282304;0,612716904517023;-0,156867231112803;0,213803073403824;-0,556525604668387;0,322971926643199;0,134044923656242;0,518171866418397;0,641025013751917;-0,0408350812467082;0,00396378409949188;0,0331631630905463;-0,108150717816141;-0,359275366801258;0,454181611304738;0,256352681114542;-0,0046648420224422;-0,471309233199444;0,178728551784962;0,225911964725271;0,315573171061381;-0,412465286272371;-0,152295323693598;-0,0470669266136726;0,664792334717728;
-0,0918231082924533;0,0149957782603581;0,410556651912031;0,270858535047244;-0,35295320814702;0,333556288297723;0,123738944886545;-0,370501130707216;0,0426228316753051;0,420026275470869;-0,238830582257492;0,190020774808861;0,39348239209792;-0,230833056083648;-0,0508653503131269;-0,0115795620594337;0,462932720096224;0,247845483469545;0,429704904563561;-0,269963941676173;-0,229620755592019;-0,17543936421464;0,209862493560886;0,391512312445866;-0,124228340053531;0,21397389026705;0,127759434472103;-0,399302418584517;-0,132583518338015;-0,0135409945871722;-0,176514437033213;0,463131240474248;0,276448081240425;0,180351570291231;-0,39472983433623;-0,200571078359327;0,251971483237113;0,584493551579582;0,0775655818092801;-0,373946186622458;0,0902549054546191;-0,342493265504742;-0,421443788375828;-0,295798107789248;-0,204727745169257;0,264867323110786;-0,164472518340825;0,186127307409726;0,374305211786675;-0,241889368232165;0,399740393073469;0,273739886714123;-0,341612436870825;-0,517814561145745;0,0448170232253963;-0,453705606846285;0,119190403592261;0,434023126201189;-0,274014842599895;-0,305598155227759;-0,599467133429833;0,126556448553165;0,410007982339349;-0,250452743457768;0,0117048286246073;-0,204494758328841;0,357301765531593;-0,26024328452481;-0,122271600218573;-0,0862561730624481;0,084632877904844;-0,471857701394162;
-0,663623369510795;0,0635154032645543;0,276758026562431;-0,291042954592678;-0,222878556931765;-0,39714295131547;-0,323846199158131;0,123852109758198;-0,270295531729248;0,447693592016562;-0,144902193189341;-0,322580159565176;0,0324002343587173;0,189915003055895;0,0966099665765453;0,270036609896284;-0,334867114749152;0,470277987529825;-0,244274854532538;0,318175929592042;-0,178578096834631;-0,245307852024369;-0,386162262109674;0,281524106511336;-0,419634939608939;0,390494155148022;0,29581077674116;-0,365645255191212;-0,0142830292358208;-0,187384103076701;-0,467654499318899;-0,104963757811772;0,362109577225452;0,177531234353395;0,272385862204768;0,208471340856405;0,0851654164504162;-0,136255654521111;0,467336106445672;0,245738738444964;0,0439333711725552;0,106870477207085;-0,294285117953391;-0,224355349418838;-0,181852607616329;0,314642017775828;0,187719417429058;0,405568562314033;0,106464780390652;0,261769573424426;-0,319090574146941;-0,146586760901999;-0,194220227034598;0,223653893469256;0,262024611528685;0,485463376380128;-0,143512437479782;0,106200526085147;0,300215777009956;-0,034935934903405;0,056971403442738;-0,324927944122171;-0,643296279808372;-0,384614580905177;0,0898387718865822;0,267660122617426;-0,0390503236954698;0,338919040112229;-0,762425096089104;0,663571868826748;-0,0738632482072921;0,163887287240402;
-0,417920603007166;0,000799645394772974;-0,316603463846408;-0,0348413833754597;-0,193596110725755;-0,307909413390942;0,0206931815052079;-0,0443627443706592;0,535209318810789;0,484806734751358;-0,323678674365996;0,222033042718167;0,560922672222753;0,372333052721947;-0,355087608899207;0,200298407203025;-0,241397739029298;0,390399616003825;-0,267259036346988;-0,0769730340343696;0,249304668429174;-0,347445313471425;-0,256963941609625;0,147427869461496;0,584920330681954;0,185904233139052;0,00741889053116216;0,254840156432263;0,0220628641397101;-0,56579608870096;0,465568217466424;0,547012899740878;-0,271937012157076;0,00270849740236267;-0,0992247310235778;0,489656848407115;0,105420934500886;0,211759365400862;0,449769914602824;-0,123984413185798;-0,198849112802928;-0,13033222411882;-0,274441600926679;0,343234076943203;0,122100568718548;-0,230563493637983;-0,194489316275544;0,169227032490744;0,26434547219427;0,28786322796891;0,0873314618666185;-0,632808315239838;-0,242975039248928;0,428929105151591;0,271437382971658;0,420774899159542;-0,304558313938546;-0,021578735290648;-0,456324538871521;-0,685964408951279;0,0413723584396778;0,460741982682974;0,176067207736584;0,220503669426157;0,737464341418818;-0,130039871535191;-0,11625525997763;-0,122920605864113;-0,0622865550314582;0,203412928099789;-0,283264541402036;-0,290573817001454;
0,370928707103771;-0,0239263901017292;-0,182899449550565;-0,000356208282467062;-0,403049527839189;-0,346037303341105;-0,0953515176913525;0,117319839690397;0,380737787281833;0,259109237837441;-0,339790179939876;-0,120757390748846;0,146950731325242;-0,0438400544622111;-0,0691588715173409;-0,167358144105375;-0,394858532329012;0,0753202874467969;-0,330500859504224;0,398659106988874;0,166451134262256;0,577144240388589;-0,114583787086613;-0,259320095669953;0,216083778759524;-0,226133950202184;0,456743847256662;0,0138617746116991;0,679274912720402;0,202168159723958;-0,0721690013897537;0,276716279640685;-0,00100505174361966;0,339048865575961;0,115361491365328;-0,36663253696703;-0,115693252441408;0,584901687165574;0,320632503422538;-1,0060717595282;-0,396952951408413;-0,20619171374557;-0,0511510260519957;0,215348607980733;0,665099678065818;0,137332625159668;-0,475548868383217;-0,38669289696468;0,0991944113246243;0,557283667204348;0,561989378498657;0,374444812365378;0,110939348956469;-0,454014235997053;0,279617156960393;-0,310854905773739;0,469714785803532;0,158333394898985;0,438738457661267;0,0981717625672895;-0,266531387777614;0,707119887933569;0,15606750097009;-0,507949486446037;-0,656445498061024;0,0349495245000677;0,150507602080434;0,21765155784331;-0,371749056472771;-0,22478511768771;0,281246927290712;-0,422351977983433;
-0,063156065788698;-0,278972540247952;-0,351168416671526;-0,518593342140115;-0,507503553087309;-0,201625981598956;0,526758174788365;0,530014091870341;0,514032499623721;0,440799734371971;-0,307407646407022;-0,212725249060152;0,158380954487443;0,190373867807741;-0,117324558577918;-0,562309234735985;-0,717005118358636;-0,55858062564678;-0,117275358215445;-0,338531827130359;0,521559080358896;1,0851078351858;0,131368752612094;-0,286828667216748;-0,689556220558856;-0,810235657379502;0,241682375375593;-0,103347126236752;-0,0614010587924924;-0,267233652615952;0,574916571592901;0,0702844247809681;0,354419810600941;0,485217398217441;0,0552456446574071;-0,390699338435242;-0,320615559463141;0,299901997526527;0,267229627218484;-0,740345569882861;-0,0675028621784194;-0,568152306057458;-0,240818154954539;0,514714871916998;0,528091460164798;-0,0834373402305869;-0,687230862321138;-0,263490322750429;-0,538898833904677;0,226628593067311;0,29280574715116;0,0860073804433032;0,469450005469891;-0,00848392536753996;-0,232299520866246;-0,228576744707401;0,699988535702799;0,850249826618104;1,25412021401388;0,203867025807315;0,574540538132056;0,0240095550213817;-0,0988819475479516;0,246778279815533;-0,0409877822869487;0,217466481489785;-0,134337996551537;-0,459414536062833;-0,0312019597954298;-0,181764918534318;0,0461331883917969;0,0041565444492525;
-0,157081915863814;-0,579641169570029;-0,233406211022086;0,0598484006781151;-0,0873775647525173;-0,00222874442320694;0,223401553411769;0,56260679198723;-0,52660773078136;-0,279415430417574;0,676651832055926;0,392865743914811;0,325049194160238;0,191341577547293;0,658976569492711;-1,06770251202565;-0,293634257437268;-0,11054371529422;0,697966171760501;-0,51593529646911;0,592159265224451;0,748444319892523;-0,188688869620174;-0,100212769678013;0,192183800921664;-0,244709139583166;-0,579567983356586;-0,00626756157218945;-0,657753292207691;-0,559916731934387;-0,191665034367799;-0,335770692187138;-0,449915777767736;-0,292566827240993;0,245348206263163;0,498247186528666;-0,291078638939913;0,422392687079571;0,190993546554182;0,3573545064015;-0,131021655381913;-0,288489723692574;0,323500093455435;0,346604208090443;-0,19216873106236;0,0441761079990508;0,43007678958259;0,591385812936211;-0,599719478681443;0,177213228395653;-0,161504180261363;-0,319467876023889;0,116202641192714;0,0928779280212137;0,140526438600092;0,382188213281719;0,673118491658226;0,559188246642106;0,356725140486458;-0,00380092081168339;0,102822332754383;-0,655485131716571;0,265201146171733;-0,284725606575296;0,140252046670762;-0,617174840299575;0,238898074912435;0,300121395572586;-0,267849529229138;0,155563615266587;-0,372730393466948;0,0207914246148836;
-0,0120441203728022;-0,371184721899849;0,344169923675454;0,594419687533638;0,389988283651862;-0,318579768841433;-0,205161418725308;-0,17664293730215;0,150329799585463;-0,172977401869821;0,218794473891694;0,00619395872850743;0,375762832676667;-0,522795568721181;-0,0576828898716676;-0,449278618464148;-0,534653718488095;0,594563929121494;-0,126770541818457;0,386115887242997;0,275222521751429;0,40765202960613;-0,275826079904487;-0,0406750075412393;-0,246515945982925;0,0596789228081912;-0,496570011611944;-0,273661910063599;0,201271632096191;0,766611054677162;0,341351968342513;-0,293601067305056;0,559927864382084;0,349829552538691;0,619295737736457;-0,27112032563887;0,49478997610608;0,688160547497531;0,948252533220317;-0,200162383126171;-0,904349963639152;0,104245250263694;0,109935563237444;-0,14029875884488;0,425367306353839;0,599899675837696;0,195873954462838;0,594128543423784;0,324586247891355;-0,579027514135965;-0,2605434869212;-0,31630576725201;0,288543431808606;0,201418808955654;0,540807681579235;0,635261767657744;-0,298013529934995;-0,225861678441159;0,00883373791323368;-0,0986428256404531;-0,0955531539757866;-0,192382663682107;0,0152696353992519;0,411150142068696;-0,5827755908643;-0,454853936506613;-0,224018689783959;0,0468279904267701;-0,463307772677244;0,375905653188211;-0,315817257892128;0,549305078728597;
-0,358416342825073;0,0355245699797737;0,0325011646945516;0,00102828764663297;0,467742813068609;0,0636159783462194;-0,309076492744835;0,225368292868885;0,308281717337151;-0,396834985812935;-0,0483639534041413;0,671539349559211;0,0141761611105636;0,250175394163671;-0,0238916559290697;-0,279740739589739;-0,951249880663163;0,272811520758044;-0,705303930901222;-0,491708914725047;-0,168635956263239;0,102894784863163;0,413043761252892;0,198071199557482;-0,281123261846446;0,102328337264463;-0,477198084681181;0,516666412456566;0,0658230053369043;-0,29691922479892;0,19379103446708;-0,443992789068434;0,463713696266816;0,425788027942764;0,533986449075829;1,06230893135157;0,362978909968944;0,223662272445934;-0,154460002099245;0,0141063999687608;0,420694612999944;0,532633294672452;-0,254660529412322;-0,149827988863612;0,321738173430279;0,250178195977511;-0,284537737509461;0,274249193963917;0,136017840544276;0,0356952026603862;0,0314788454759143;-0,216191219608484;-0,174596680605012;0,0354177568604094;-0,231793742321645;0,282993345603634;0,198413044373;-0,00353529970936784;-0,170147224562936;-0,595377136279691;-0,677419899398781;0,537419911087128;-0,0898193213781148;0,282598899637621;-0,0508300746994172;-0,125587650953829;0,397697876105497;-0,296115964688819;0,193752610669746;0,284756413267063;0,0712589426094736;-0,0965318546552478;
0,0228282220320233;0,272326496704975;0,115915845639334;0,0842375716178994;-0,07077769501427;-0,0155070302049449;0,376174193058073;-0,1502545342719;-0,136308833732935;0,0277058515285577;-0,24646971352102;0,147644070875772;0,131892056378896;-0,0631356286234566;0,099132529505118;-0,175102319337171;0,210577022626316;-0,207417231032664;-0,230949907910994;-0,238377057846028;0,121635194566135;-0,421071808428417;-0,208321200317449;0,105158455034294;-0,254788019258087;-0,00548730862582926;0,317023539509792;0,071612070974869;-0,0427897761192054;-0,148864831997321;-0,722600383247156;0,102914946497353;-0,24370267305546;-0,139944956015519;0,0838115008294718;0,0849851942524933;0,562332071974566;0,136448547936214;-0,20879208425392;-0,305507668407867;-0,601995051989181;0,116566131501353;0,453040884906145;-0,058070272032076;0,164323498662665;0,2222992985937;-0,387938965052213;-0,43209492491231;0,0915315978627799;-0,0400605915013516;0,26326555967224;-0,456837367208891;0,170575669870567;-0,124712558392562;0,727363927802574;0,209650518014955;-0,139473788394287;-0,520372894966046;-0,446687784907988;0,507482221247407;0,534555958660711;-0,274199664735583;0,0745776437878617;-0,437156193116191;-0,0679641257265342;0,286358465276351;-0,0411139011868202;0,625957471098045;0,0140558085993598;0,584112894350368;-0,193129885598968;0,442160638990018;
-0,188912270300901;-0,566933909220307;-0,498274571211155;0,364514097132799;-0,34542294204863;-0,598451815887893;-0,163163770971256;0,345160901317235;0,0978051177954508;0,489385122323859;0,3056126965878;-0,0933569732379793;0,457094122697737;0,598634651877286;0,079798053542304;-0,662233188398207;0,907225369672822;0,535834756637003;0,742315692512362;0,679230201606496;0,479624668910372;-0,130635098074879;-0,144069358827173;0,154354606730073;-0,337424393104903;0,0910072950052223;0,51111281362431;-0,783742712369732;0,292608283427367;-0,407644122347419;-0,0505373346542988;-0,154260526721238;-0,494202018955469;0,46478523825604;-0,391398241253159;-0,444478749465318;0,187288669988371;0,358030426494459;0,0487144543130518;0,202506327105089;-0,870775365256421;-0,138274001197982;0,182613694749783;-0,23190451718614;0,245060657868293;0,0909075912143177;0,684745054030293;0,128862949971955;0,180005627756725;-0,395901657713471;-0,690763310163357;-0,780776079041102;-0,153682597908757;0,645525954350011;-0,440582600351579;0,863297744371539;0,0938683802068954;-0,215936897738343;0,465332437740144;0,363393629940755;0,10109160779248;-0,950838554234153;0,490203167315172;-0,339728627249667;0,0332680608117979;0,392126191009936;-0,364767340373668;0,193071830349388;0,334802625935979;0,0547579547336599;-0,177011804823066;0,521527953863686;
-0,248598125206686;0,167831155893798;0,104838823005952;0,291053489229334;0,0139569513008412;0,412812559666882;-0,10244860479885;0,0385636337705939;-0,195259555043367;-0,474771409817089;-0,0202594665181028;0,458632831576185;0,919294972222593;-0,23587008836751;-0,430976454714343;-0,142712549080693;0,411698610585413;-0,292486876793194;-0,309495843923865;-0,246896538717784;-0,469574296270742;0,612816238444629;0,130560588696906;-0,526083768216986;-0,0805537910566251;-0,13007569150186;0,291481269195902;0,206077323630084;-0,0240379169667098;0,604090278930945;0,339202522776437;0,523251897759326;-0,419076506294644;-0,0669733982243008;0,604986293343082;-0,0144191672973222;-0,644786547247828;-0,173673977862887;-0,0395967982740502;-0,386059836616746;-0,687230437216392;0,140990059854328;0,108390059852508;-0,375861023139441;0,248422495988383;-0,340712246545028;-0,204206499189204;-0,351977403326771;0,219812982690379;0,449021787860136;-0,0049324197204783;0,416970682578212;0,00739712616481158;0,307344418641573;0,291157757263349;-0,0623494821675594;0,270810864296458;-0,306939784879432;-0,0571343463794796;0,660055013069899;0,920434703817116;0,075731441430687;0,194680607761359;-0,0254465146490228;-0,456293472668417;0,431346323175555;-0,0198360493441396;0,0752536415067619;-0,0468093913559796;0,374985877848679;-0,362955830362951;0,263497912765115;
0,476649964099026;-0,632229237883369;-0,279427005669282;-0,18088321028969;-0,157010353673705;0,555995429734109;-0,284904564216531;-0,357860840147668;-0,547396962043679;0,16345240667176;-0,0249132786388642;0,300268691825938;-0,747634925607084;-0,315346452311338;0,0526622626758813;-0,136932610444568;0,156904067033994;0,0866224525401155;-0,574812792055473;-0,45084622403793;-0,0143285027709792;-0,249627548841621;0,279747876050032;0,15883788748445;0,534819284937818;-0,207226978875723;0,349197161901;0,220888961650402;0,164336018083777;0,0404588599001092;0,431357548695384;0,222625538693895;-0,180761359561494;0,237200383355227;0,178042819597064;0,291400232766477;0,119946703524197;0,142787103331683;0,160203753255191;0,339742514431372;0,0700540844424506;-0,171062577626268;-0,235321222389346;-0,362508997421658;-0,415254968046414;0,122761200646852;-0,41796504931446;0,539940658683122;-0,0577387177464076;-0,0655873773615103;0,170120196823688;-0,291068026024472;-0,0635037273382858;0,338577247754576;-0,551870227615366;-0,360560346191748;-0,35595738868522;0,283034918608727;-0,272179242100738;-0,690552215267629;-0,00785118987349309;0,169958177360031;0,351050115920626;0,24698743948075;-0,223403970085971;-0,0437991511453183;0,145020508983253;-0,0796690620285251;0,234014582206515;0,260725150277888;-0,0493755829839528;-0,398580340129;
-0,0534348010734282;-0,227002371784445;-0,26959293670694;-0,471945263094446;0,60109159959512;-0,27079047788103;-0,373870770700018;-0,508965118559399;-0,247313020495936;-0,300438737953024;0,123525004769515;-0,467358676711947;-0,699186369750768;0,0487086774048703;0,497765817544123;0,190170627461253;-0,460094628176454;0,0522192200268335;0,123027790834906;-0,138763889040817;0,389785123386321;-0,00541852805505044;-0,339705698625248;0,188873875430258;0,0120425468482477;0,245622085253823;-0,377121679331947;0,522857475359563;0,391868282651604;-0,071419387632971;-0,103955502242374;0,0507472210308449;0,417378163936466;-0,398309695397002;0,163687387398044;0,0481589006491428;0,182449019732617;-0,365970813372165;0,322317081119091;-0,10949427440782;0,210829145158884;-0,0451455158623687;-0,320723553746442;0,0896590273830479;-0,438334892849769;0,0143215638813681;0,137471959831338;-0,190452528499596;0,276028141684179;0,441755611208726;0,518962990322961;0,0640340740891746;-0,339860597738762;-0,538745627761921;0,0309720664554061;0,350998403628225;0,109777417813818;0,338632184413015;0,412154727050832;0,27547305694088;-0,244614491947397;0,0442580899044218;0,00328959753673541;0,0494683498430543;0,292977605498273;-0,0880141827246638;-0,289416832116316;0,288816808569588;-0,484599906956949;0,183221021671899;0,436123184488407;0,280272493917708;
0,478822943744287;-0,199680546780874;0,076110743679631;-0,150399255020076;0,0952801212247023;0,132081061100457;-0,1554270414423;0,274918346903981;-0,348540567159802;0,177574939798735;-0,686839479977619;0,204441757250893;0,133002632041784;0,0850955977821123;-0,164399052644661;0,271422435427881;0,216511996034173;0,14951745949635;0,174994038301109;0,236193512434764;-0,128636948890804;0,0240576868544321;0,456475911075503;-0,343024252581937;0,437158429944307;-0,187607125945701;0,182926158237964;0,202189418099135;-0,34311938031949;0,318482773251926;-0,0702566208889339;-0,584456352406098;0,0162565351432508;0,353555676128834;0,157673985792664;-0,0627638460421059;-0,338274706626423;0,450830070244614;0,358188181724568;-0,379300454492447;-0,296544093015211;-0,548048988067726;0,128656236817697;0,253964350327392;-0,401699082063885;-0,00485890015401764;0,373406276369267;-0,433964622284767;-0,633435904490384;-0,23105330535899;0,438907721651352;-0,459328676531082;0,260356467961461;-0,217088314596619;-0,299422656318797;-0,244987522095396;0,196139316988316;-0,0285258941687394;-0,0693525965040172;-0,145570784660034;0,188330105745916;-0,131866079927023;0,0241643795489627;-0,597625167005784;-0,281212946267001;0,199722943962141;-0,390457618960666;0,266482650876889;0,203191120360633;-0,220801318537397;0,0744192897715167;0,225041561267461;
0,63138380316553;-0,244456384858667;-0,21237132101525;-0,0294068189090896;0,30321136323398;-0,252661887556914;-0,246508197605764;0,135992957137498;-0,0922241294552285;0,296494455747463;0,196407976531171;0,0419710942192477;-0,699431105860811;-0,495338247810162;-0,086510983790683;0,214127817039082;0,160381483560904;0,0678818516435228;-0,16737488325678;-0,233930547747104;0,0511105647949712;0,0382600677536308;-0,0579927220498923;0,477962143512522;-0,111490603673234;0,254968528293615;0,0283255706494198;-0,525318773748252;0,0340029029671054;0,247954223616519;0,182354887380918;0,117523433220241;0,258739923319004;-0,205889514987477;-0,463018453414662;-0,0376234871292798;0,0568282709357665;0,685349462281741;-0,0535797575469083;-0,587586518972647;-0,527649649804712;-0,459381340144187;0,225631231650632;-0,431428606264804;0,345991729289296;0,377766813351769;-0,194981579892942;0,665208214680998;-0,0419709677286483;0,286853348841598;-0,00742187074144081;-0,251771457888532;-0,0975087203103888;-0,0219233554921355;-0,284176737976035;-0,303317829457064;0,352977983590711;0,453988210543848;-0,65564009157801;-0,354955390098507;0,13597522230751;-0,373212631382643;-0,434733042399985;-0,00922107798897312;-0,346659684642064;-0,370929761163789;0,345720957509389;0,13333960808745;-0,251248540355492;-0,0912975805007942;0,258760781720939;0,215211727597854;
-0,380110456061512;-0,0229591591016886;0,886755340501256;0,355381388922424;0,437859991491193;-0,122516633186182;-0,907780319592137;0,231938907379863;-0,394302630069675;-0,185122126333308;0,063951347189078;0,620446666478078;0,44843377243006;0,105745030381932;-0,808219327191962;-0,02717787391413;0,0596948782247876;0,227740511183737;0,164909181921138;-0,0587818233207129;0,243162018281273;-0,327698751867229;0,149090449474181;-0,739625046317742;-0,420563908765283;-0,280441177947564;0,190839882732238;0,0318274180466255;0,148031829843451;0,522848809851671;0,367400668505394;-0,542439763522066;0,602042289212029;0,375226300709697;0,695605979852136;0,25692249781447;0,365092684914439;0,72400328354653;0,290511644483471;0,0887583691720772;-0,40347260550345;0,248839153690255;0,382598661309143;-0,185470528052395;0,0522178966345311;0,188697527081874;-0,499753509505796;1,12960925374055;-0,0555677624143218;-0,78376424658547;0,0151984127732227;0,0768531478482403;0,580988650170072;0,0609945905105244;0,451447746365629;-0,501901615658141;-0,237598203606016;-0,581769321631411;-0,493386340009036;0,323202838860267;-0,143542191979712;-0,138015822694088;0,00525467361544825;-0,306665947013803;-0,225260980387197;-0,194265132549438;0,370389608416973;-0,0808011554982843;-0,028574967217729;0,138388042285532;0,390006270243568;0,641206672234788;
-0,207980294056898;0,513835824466107;-0,253935424318807;0,0868150535705217;0,137511375992937;-0,115027023111531;-0,0099116095133513;0,236330154055221;0,144938802802785;-0,598785784534542;-0,0431385354112613;0,0750724493937773;0,0118321550071554;0,0439497112569788;-0,281939190237244;0,214633777249154;0,0890757091688364;0,795948129509566;0,288095024427005;0,411655164695983;0,438870881774437;0,543731228901239;0,187882996955822;0,225944564868672;0,323374424333121;0,516388281242238;0,47812941029673;-0,152349386524897;-0,213599613731272;0,343591379206001;-0,0537789291293014;0,263262056980853;0,00719896551913759;-0,481789873839963;-0,331162886425814;-0,301759775910132;-0,280453461077154;-0,142333490525262;0,0675004242838141;0,12765973068891;0,169211131999077;-0,211333530461698;0,146678546270737;-0,217696231978861;-0,343320865554432;-0,52360641294056;0,342225185485169;-0,452347484059856;-0,544704526258129;-0,272642356021991;-0,136249581819915;0,0123807034251474;0,416202255936132;-0,383020832362314;-0,293717945352318;-0,169219162967674;-0,497325615975683;-0,0503908700929643;-0,0373391515449614;-0,104280362144159;0,477099799323536;-0,0376033310871181;-0,311276893449124;-0,417576337190524;0,174795809074656;0,230583400166926;-0,225309143983278;0,0819346074983332;-0,0732779336068726;0,555353701374963;-0,0146659451883492;-0,378795375190838;
-0,450346752767858;0,588885145796072;0,145639615914731;-0,314561716185541;-0,448977880237558;-0,396064316780897;-0,401126326859592;-0,081005822880219;-1,13578579767707;-0,173502123911097;0,199687401282279;0,0501920019581519;-0,29916498997331;-0,00352014730034982;0,515168916957896;-0,164364399581993;0,245390952564872;0,726718482627109;0,499425938296015;0,098572817533107;0,237196327405071;-0,373364693491805;0,466986861728896;-0,115873396968799;-0,408995234429606;0,34675596950558;0,0339569826003497;-0,0181860083802783;0,267323785543993;-0,527945639614908;-0,0402792637858726;-0,13795282358174;0,188557647038316;-0,369326026616319;-0,0547470579965242;0,625195884181611;0,314368491291617;0,346296875793684;-0,771274451336794;0,592229404562875;0,288404651396106;0,459693142118397;-0,199350699886998;-0,680546890788484;-0,89498497161506;0,120744458429693;0,082092352634559;0,136669870041883;0,0710875462207127;0,398208526046357;0,476311491071679;0,104888236248687;-0,441442579692326;-0,025278186040539;-0,00104008163612062;-0,836291585262688;-0,666414176431002;-0,221631094143152;-0,661472536205756;-0,257247975552981;-0,196831218012419;0,229979835371329;0,598807923978104;-0,5204686442272;0,420946685650199;0,464438604463577;0,351816027569815;0,0656014758070308;-0,427351508662935;0,530291547406525;-0,0482193467510473;0,23202865606191;
-0,263153576209978;0,117249447351775;0,655074172883762;0,00373960068463818;0,428951096348688;-0,389915515802884;-0,487609543460917;-0,351503449885706;-1,18946660513178;0,132218121897305;0,758186518442839;-0,227543943293236;0,202757675625785;0,306780956173941;-0,629907765162784;0,146772489315929;0,440620550463981;1,39954389225995;0,62182270477961;0,188694357755549;0,709354824495979;0,883054317264466;-0,330682765296753;-0,110950917148271;-0,335973759107278;0,378619960759233;0,421126721358051;-0,370171554462277;-0,853119558768254;-0,47065474496967;0,14055629200725;0,429246355553238;-0,205063309373946;0,154512721234879;0,370508173158888;0,522241640741893;0,369873650062788;-0,230148478561242;-0,315146562623016;-0,129070926397559;0,0274825861002261;0,0634756546491058;-0,0200436001186363;-0,783352216025515;0,0453275862970639;0,405184123516848;0,488949279436306;-0,791804746543489;-0,0271576489101606;0,296716655057925;0,599417629466204;0,0216766153805661;0,0180076713002456;0,441501456437707;-0,387763432558972;0,15867352412133;0,112683891063741;0,0476810046652794;-0,427628301614371;-0,530204459174064;-0,231255233820835;-0,362716689779143;-0,000408811075536819;-0,372266034926966;0,143646563728129;0,591661311039588;0,409050799937135;0,737061522385453;-0,314480030312277;-0,266348727242487;-0,552735859535427;-0,112791327946811;
-0,24016758940759;-0,191988103274078;0,147339329640038;0,476956861205503;-0,288361274905148;-0,552219668220994;0,0337501853328949;-0,0509152795481196;0,0648802003424601;-0,448856769375808;-0,241192942574983;-0,778551381884751;-0,604657770375734;-0,626709170654358;0,512194101191764;-0,0421929424540574;0,585182876881924;0,373529468950482;1,17518646267725;0,0374932708911089;0,249196900779002;0,222813261860146;-0,345086275284098;0,448065678638923;-0,160073496427299;0,219194153985468;-0,137463356208651;0,0587541270447373;0,106997203633313;0,0537907110820875;0,380957263991481;-0,0872627300965834;0,178467759098416;-0,0506689321930362;-0,195780441500421;-0,909956212474695;-0,476758585297137;-0,248847640908157;-0,560048905819603;-0,018740537771289;0,338310673915242;-0,889493212516308;-0,0528515818144413;-0,408242875417682;0,48103211201348;-0,442453299976182;0,697634778027544;-0,000182722325018138;-0,921089904251557;0,127381136871059;-0,387336451437952;0,418998800319729;-0,285739865757207;-0,0265303025419492;0,136883109282729;-0,581689696666435;0,344576364872085;0,497332887260265;-0,425189115516157;-0,566533984934555;0,227126594136112;-0,370912304985102;0,0552371319254659;-0,522694752259154;-0,42153934997622;0,0586298994068573;-0,534767754387132;0,250559645005576;0,161626694400284;-0,0763461609978953;0,291065531167241;0,221920465240975;
-0,0296638955134483;-0,328759217511179;0,113904160483765;0,420184412912945;0,211615020496215;-0,367055428134022;-0,365906567083057;-0,231982065949388;-0,18042187583535;-0,0800330001539678;0,392712120334986;-0,255434926358635;-0,0357636177623979;-0,286408271560758;-0,127410682422092;-0,0293774702347218;0,150160375678413;-0,325991553904187;-0,576360275788141;0,0660585709220804;0,224709482346227;-0,428777373408124;-0,416672715218859;0,110940251055161;-0,16412895760034;0,0669731709539429;0,300097839519515;-0,313548357402307;0,204530880188112;-0,179671048376313;0,123585466680467;0,248945229985469;0,457001195567143;0,0569614566303814;0,646264127268095;-0,0768830489281924;-0,285251974566282;-0,402567485364555;0,402322163102575;0,656511339623066;0,0860684143070798;0,519061294782317;0,296364708959185;-0,137547592682412;0,128923191415827;-0,0392514075140228;0,0850186126441509;-0,220226409329455;-0,21727080760905;0,457236448509741;-0,0933710098928157;-0,0117449193511629;0,342160831959428;-0,340984077856762;0,440964476889126;0,102253623856139;0,325871271722117;-0,553226405972314;-0,308817248126073;-0,433530590541798;-0,120102008045668;-0,182142608186793;-0,210825680085666;-0,173685160497517;0,185543617359693;-0,285638447978981;0,090985210231363;0,505727434238273;-0,51457488651294;0,0774756578312305;-0,356568154035382;-0,0979301989878839;
-0,220567837946807;-0,394312961039026;0,204826583527258;0,253283916878232;-0,328844355553668;-0,978365808232111;-0,0754304096699659;-0,738758282296817;0,266258845263312;0,286444853490104;0,693035351801627;0,75742241650398;0,827796505814654;-0,103748346736801;-0,526159058333637;-0,48800867809744;-0,0811075798657572;-0,319898010660401;-0,103484630507413;-0,210871311483786;0,590641760165925;0,329880233723189;0,238403711787422;0,0997410508333853;-0,0284201413597364;-0,761385086653912;-0,245986219593893;0,209740851103423;0,592111018062699;0,632856111777177;-0,485335547340824;-0,316794682267714;0,359711453682252;0,150191890614761;0,0681700375167579;0,198662505290283;0,917306849497251;0,948272358121084;0,187255244997784;0,655508006164602;-0,18137370020182;0,481263436100089;-0,00991070902646803;0,134701012917034;-0,174262737531849;0,355192327270189;-0,255160795726924;-0,336243347994651;-0,0523247460244361;-0,250181622216524;0,30880508870395;0,315074574859791;0,325144049788428;-0,295320773832908;0,149003468665142;0,571057876399294;0,0911785455450367;-0,0686150667934884;0,0778087243001571;0,837604419442323;-0,0364145669666493;-0,304844485653661;0,433035389499691;0,723077579898398;-0,19898626685198;0,172365483606594;-0,010097289348061;-0,347845714635593;0,127160608073297;0,125693448809664;0,0993910257053861;-0,209015613099514;
0,34446439254409;0,357955879724606;0,289824792586926;0,441634179878605;-0,335735635886977;0,117782192844923;-0,577127896479737;0,542725273539676;0,403461733080691;-0,350576486861329;0,362872116684293;0,431366140414734;0,665039858304599;-0,257410746110108;-0,316279535282473;-0,434496585759561;-0,110226522266143;0,394537395832128;-0,511351797886471;-0,475934781562125;0,350271579837334;0,181183352386825;-0,220528336186016;-0,261654239690994;0,211441813879065;-0,0708106999086413;0,159780846358145;0,345140673691825;-0,396558971116456;-0,0775227198795427;-0,146353656305269;0,398680987319446;0,0263711088497649;0,205460235917454;0,686318530309401;-0,306239647449737;0,1458663022838;0,0364633780842765;0,208035883643848;0,0599977466636869;0,35288811144662;-0,382142945943674;-0,416680880973721;-0,30383523499534;0,096794792049958;0,457409343483725;0,452947776811742;-0,6038897263783;-0,344104175607719;0,588455689812865;0,202765968878802;-0,314368569242452;-0,103301708372254;-0,0156048117462157;-0,127807965038313;0,159438558687546;-0,332584761613733;0,00125873636418772;0,0458014465780279;0,131154554528287;0,177519772553495;0,090897990013532;0,363703271258217;-0,0634139931857346;0,172206211734498;0,580328343734715;-0,323108805818507;-0,143492426272067;-0,371545542137243;-0,191157320227887;0,204319297344368;0,418937979268223;
0,443801517348934;0,185550153091881;-0,332561274309483;0,100747828960977;0,431473932875954;-0,511971822892899;-0,156867950089032;0,372939570226039;0,025974982022052;-0,237663883786294;-0,394721475401087;-0,459546688175704;0,587399713680701;-0,390625507505327;-0,638576301112199;0,637488627397067;-0,38742159160402;-0,415866459467905;0,157133671561405;-0,56200290751813;-0,474975678036215;-0,440105748541711;-0,509901987157072;0,457863801085101;0,0648044165613214;0,00623874495815203;0,28966069194704;0,317649253322331;0,21956834023988;0,524119920679115;0,387852943714887;0,151152783502047;-0,310696697806686;-0,0727645378244805;0,0920809783369596;0,804575973045539;-0,151009651147914;1,27667684869151;-0,140038653967943;-0,895725382720238;0,472633747334271;-0,142496863502176;0,321893589048622;-0,0513133798721404;0,115042890874596;0,820626708205895;-0,280210351133247;-0,102361423583449;0,129979198723583;-0,0247164596173163;0,564520537813548;-0,393022845074342;-0,28113328607347;-0,307414794441168;0,557841812651386;0,423508099999564;-0,552612712594925;-0,1802906086848;0,380021562841114;0,0181865913460467;-0,361866659021492;0,489290660064383;-0,0013714941454674;0,190970515438066;-0,199902198856528;0,0341988331445655;0,664812103466894;-0,506210659904202;-0,0352659616216516;0,121987177361306;-0,134318451051904;0,288121154239578;
-0,105911604618887;0,0915833575927958;-0,257005002566116;-0,152489568957057;-0,234473076772882;0,245553423321771;0,307535240580183;0,628329008191953;-0,363130042085207;-0,196696695551493;0,0194332883969193;-0,50989337750174;-0,667738728653747;0,20172199864271;0,503545820278583;0,072938202447577;0,0182819533387361;-0,223339197360291;-0,150508473053134;-0,668482330295315;0,434744981605371;-0,108444394601793;0,552276498872785;-0,0267770137818456;-0,234883650673062;0,306270371365991;-0,326960971595059;-0,11770283926301;0,682053863670714;-0,248547933869517;0,729354102821086;-0,411728149492307;0,0279744077623253;0,729908439516503;0,0706284580500112;0,133193994223671;-0,345368126883827;0,242637688880078;0,103558918847289;-0,00395942970999225;0,345109772189786;-0,215215196131066;0,00237803402367021;-0,114878483503655;0,14590567072674;-0,181505463791501;0,424458453091336;0,0149689581616111;0,118468476196534;0,0724314987997157;0,103472931075493;-0,0579113614321166;-0,617210663170511;0,0834411965953147;0,0894268576878719;0,299145654809019;0,197631657575247;0,854517383920609;0,00326814792411918;-0,161712331065475;-0,375037231725008;0,0441078098025512;-0,0567565565535404;-0,11854552826269;-0,243427697644331;-0,204777666368312;-0,0288434945722449;-0,710397641831706;-0,174191574179565;-0,524543320617458;-0,200680312522371;-0,174038752850501;
0,243928621149882;0,0628376095101092;-0,071764419927614;0,365538443974524;0,317602799010017;-0,225964852456365;0,363656127850608;0,146406039657146;0,289226273410853;0,254605982699273;0,320986014691425;-0,45766057110856;-0,269633799447422;0,00242619829167964;-0,220431634007361;-0,103649778541708;-0,341490803538844;-0,44143710351128;0,336963993669494;0,158314038355556;0,324974416980528;-0,271167283327106;-0,270853156850414;-0,392593331304561;0,273984758917452;-0,29126361778133;-0,233565190915048;-0,619067237988321;0,252225129568404;0,410655854229539;-0,390442734093146;-0,123067212215302;0,314164329611118;0,0431823746024742;-0,136882526480491;-0,0269242083424826;-0,203499204866719;-0,291302832447429;0,439733088588582;-0,415735771836729;0,269012810699231;0,064432121033212;0,274913981765501;-0,018605665546079;0,286700127378674;-0,280201599962508;-0,43378518461751;0,104717557482902;-0,582212286144504;-0,710401561625803;0,572568487007549;0,360967592634247;0,302205798457895;-0,0995728034194624;0,323307103034742;0,106935650324861;-0,460559606761617;-0,309857598664486;0,0868687737342606;0,33405616496335;-0,0914673871776818;0,571908173232866;0,0958484852235122;-0,45356000127851;-0,445315047602349;-0,084516837829186;0,095854917766193;0,169396776712743;-0,438557123431398;0,190661248203167;-0,345585778316425;0,735329268766929;
-0,16776128512548;-0,506802398368919;0,127730616607866;-0,52045400218704;0,0193609543774087;0,407475687009348;-0,166875245741653;0,886936875030198;0,554641591056147;0,212315723565478;0,144520354531998;0,595978969172779;0,467144672746471;-0,237728640707417;0,280749964761044;0,301429266448367;-0,897159862108403;-0,10040114506184;-0,213361162081145;0,174117907059984;0,0364521126612671;-0,231885783353667;0,37650126322068;0,316471956964786;-0,056287070867765;-0,443325364089078;-0,523347760292046;0,122870876089071;0,516758768540919;-0,0553379305331638;0,117758905307001;0,103845147050221;0,0343285835521506;0,74105723892093;0,224847435312205;0,0168308798867058;0,192892901544806;0,253208732425154;0,00203541339596787;-0,387714551560678;-0,100351094797859;0,534044712934905;0,126199868477969;-0,273598327449076;0,153515503273711;0,486023510431892;-0,633324995778043;-0,0551655631593283;0,238056376282547;-0,13240227096865;-0,113029451923529;0,455571425312889;0,227673942184492;0,0899146962748208;-0,264335110930739;0,742336524068411;0,232535873921606;0,364264098323276;-0,25660665127716;-0,284093297951369;-0,0445502665885472;-0,455540937452337;0,15478796052007;-0,24421752924188;-0,286475277274191;0,208395272622176;-0,320785273148139;0,0265839694869911;0,488756790057512;-0,284588407351136;-0,182406605843188;-0,0949754451278912;
-0,186316745192262;-0,228366306400099;-0,193265686682541;0,289145128615283;0,182350490383628;0,0154694758345524;0,248285489662957;-0,308165939755162;-0,0719957086390943;-0,359942469382376;0,417446924124434;0,198765437709767;-0,20434493890207;0,160668103488361;0,201199748284822;-0,119059925130556;0,103045009090457;0,414192781869625;0,0472710026827861;-0,275064262265297;-0,12929029488618;-0,488228917036784;0,142113024024692;0,0338505887462911;-0,299282821988945;0,0507531837571433;0,361583386216449;-0,0650696269548195;-0,00459106726630454;-0,161778202076006;-0,280313639561767;0,500302649686403;0,119081126567643;0,099772526135346;-0,0736186406896782;0,264986763009543;0,61138641359169;0,058354918682665;0,0518696647668103;-0,3250216817687;-0,532839162991798;0,110281527114114;0,262002975352453;0,0621642150375633;-0,516657257006866;0,466841632495427;-0,338849401979316;0,172365763098309;-0,440818918095901;0,189346352487693;0,038832789164399;0,0752403003545199;0,48532998874321;-0,446665990517057;-0,16381772400956;0,0912979628019999;-0,0259181640464871;0,0261406999968917;0,0836540639479551;0,429956136031461;0,505087643157614;0,0525195735942638;0,10364362984016;-0,437949027350922;0,282939255292863;0,525586126812178;-0,382579275312179;-0,073542314109657;-0,51586989759739;-0,229312721106726;-0,0179989217410934;0,390776121668947;
0,0191626918913407;-0,13450923429026;-0,216515721744534;0,300222008752144;-0,318555602511655;-0,141972342271352;-0,219590318118758;0,0226349400390098;-0,253468207934881;0,608272702029717;-0,310228840318705;0,414827479996573;0,228592798718487;-0,0158965753783341;-0,345918663909134;-0,0906526348905449;0,161185653916917;0,419728089950786;-0,00318807662212869;-0,34169990457767;-0,326423385478347;0,0183882842386877;-0,188851792690019;-0,0387803820962797;0,488937956684819;0,0839631825358795;0,25450127982637;-0,421705546854502;0,08989412369154;0,116148891094195;0,177704514597281;-0,684010439933868;-0,344176588717247;0,239816531388143;-0,293892815426166;-0,0194925175113607;0,44344880012144;0,0686420008257046;-0,435057262063949;-0,46614314099365;-0,184973601192278;-0,25619961036416;-0,241563978550283;0,462234739614357;-0,365246115984626;0,526099194095517;0,0439599395868573;-0,166880628238719;0,34409957639911;0,129403752853839;0,125300974378042;-0,0110950290183226;0,179639666597877;-0,0841209940822142;0,247879698945956;0,32377666717499;-0,12163680845293;0,211689047118449;0,183815975148209;0,0964360631803824;-0,0333931474418133;-0,343298946367013;0,367959254170158;0,185962306514064;-0,0792108230624339;-0,587774833105142;0,275541574587038;-0,478093785733864;-0,148773714779439;-0,0085067538634448;0,21378629944346;-0,294262799953227;
0,0330105307878654;-0,177195525225043;0,254471564046539;0,50048492582931;-0,417084086142625;-0,385767755092007;-0,0419669056097721;-0,480978904247028;-0,225174717470409;0,044570735591012;-0,209076887777129;0,238013479497878;-0,548316604989644;-0,446070159730284;-0,327595520890577;0,406644172159576;0,368367086212;-0,14910719093559;-0,466619360176717;0,0234654468572727;0,00961950608369277;0,0349671627573079;-0,110892895118551;0,417639694239057;-0,253244073232931;0,202796498201635;0,0780731913019623;-0,388073641843566;-0,344013852302032;-0,249233721393589;0,241600795934096;-0,0815424013877827;-0,0720849177235213;-0,211372511292888;0,403499271020895;-0,0422239621118204;-0,100308513276731;0,261996581528591;0,39004564433715;-0,383949229059863;-0,503281536495732;0,0748500305426217;0,260793225756352;0,292839393178178;-0,238431898839705;0,401324794907361;0,0881823609330179;-0,311641763482114;0,275728572675025;0,098911081569527;-0,143872823562112;0,304753259627183;0,188096117339934;-0,670550804735568;0,30175567996242;-0,382238481383271;0,135267013088637;0,435815759003246;0,0143131132491713;0,0309863122962758;0,309452758049554;-0,324897865168288;0,109825556030086;0,514578622135597;0,0233511052768888;0,564302825494754;-0,123794765509463;0,238493844798616;-0,243552508377854;0,226819558109358;-0,0923226128941249;0,441394140481558;
0,0342834454149289;0,346995372253732;-0,0261234949656585;0,561438701099907;0,26758406498235;0,533512016568389;0,0865651975894404;0,126353849958487;0,158419607576543;-0,586464782090527;-0,126555533469632;0,344366580977837;0,343796466792548;-0,560292919218642;0,104116776336795;-0,106942944490542;-0,196236720169459;0,141650487655101;-0,623184201446489;-0,481513550148149;0,0784327800089135;0,102728540886039;0,0296496109483573;-0,596247214784555;0,471623649441335;0,0448178482748137;-0,513166153550986;-0,190938381639567;-0,271795344374573;-0,168612713956755;0,391015083804378;-0,169947812591128;0,479367716069881;0,209372704357107;-0,160267851159349;0,511285859726757;0,0855862619152306;0,707763193469518;-0,360047048812129;-0,107889926944374;-0,171186328234242;0,598559857991455;-0,189274166010943;0,208101309192679;0,270603489466362;-0,253194755814301;-0,507754297760049;0,642149660000157;-0,363732464493603;-0,240758052002935;0,302346900300283;0,671514725143509;-0,036894143221663;-0,285597456765599;-0,0956743793861969;-0,664874450707406;-0,165295642337109;-0,312334219214993;0,372884737502046;-0,327835986462675;-0,0434210065431848;0,176980552240863;-0,328234176243045;0,532152280123435;-0,332582912405224;0,364597090418658;0,400965678137957;-0,423791592348261;0,29239590982358;-0,236693983704913;-0,0709247069264192;0,319416245387929;
-0,41548486043511;0,0257976757408925;-0,251344943205168;0,333585621365374;-0,198660682887844;0,955917695629821;-0,26379874837583;0,559090595008821;0,0719551240546086;-0,19579949693424;-0,801294680167214;0,356861187654916;0,125027715571417;-0,252750136255206;-0,443047978795797;0,896535569158792;-0,219992874748264;-0,404740051619941;-0,728579533230779;0,129338699840342;0,102554051393664;-0,771747561109743;-0,52484414495401;-0,0991337179124554;0,202158279532646;0,280358871922919;-0,383249728749463;0,174843522553399;-0,222132749438358;-0,174751723950627;0,239140837131998;0,984998022116921;0,551337261680692;0,189392703154032;0,201873017516934;-0,253405180809043;-0,486959906428414;0,120611260294407;-0,41219633825189;-0,35665131078371;-0,211332394894172;0,273214675441604;0,67812456056071;0,597667955245577;0,0337709832628272;-0,32335881014416;-0,197018058849909;-0,125341742457639;-0,0479394870643065;-0,423422589870397;0,442918649154768;0,433846094114459;-0,355293393408692;0,151346014911992;0,71444251976776;-0,583112782237801;-0,678894025719487;-0,25364308559354;0,16415958931781;-0,202608112308142;0,76746091859074;-0,372567019302654;-0,333789102123898;0,13830412999723;0,246467574349709;0,124264330544668;0,314583143537278;0,11815282600023;-0,0383556890980275;0,313121824281286;-0,140971589032756;0,0857090074950522;
-0,21321590717315;0,548274324511907;-0,0119121233100702;-0,464953376209908;0,0476924142150343;-0,184225668948195;0,351246614899312;0,180501009321222;-0,678243964747587;0,497611048692662;0,370137375319872;-0,177848097625747;-0,545382180708587;-0,113464859269355;0,482147139492737;-0,344244949141821;0,768289963776596;0,380042928884406;0,00773689660253471;-0,31675247931162;0,194949993516752;0,222588276644984;0,511488851015855;-0,398710726385098;0,185889013996567;0,245485722612862;0,620086162863964;-0,272669861635389;-0,188091114362298;-0,64423831233411;0,70868065388096;0,211956800920358;-0,234897429743663;0,313607926410242;-0,150886035744167;-0,0778718065576144;-0,260619067664343;0,932700116884743;-0,702424948832371;-0,143949642305485;-0,151649826481511;-0,231062546415033;-0,18849550453223;0,536534647038196;-0,477310973804157;-0,289276434914856;0,142757314838793;-0,279628520527636;-0,298668305307468;0,525603583580849;0,372960326069123;-0,604859306767451;-0,163940901723088;-0,0279965152889749;-0,334876241490763;-0,0696996849966757;-0,746029058083449;0,217417919189556;-0,130124391882556;-0,126009491186497;0,371919248351345;0,328924205460655;-0,172201009397058;-0,553952007302353;-0,351857932490512;-0,252180628006509;0,725271620994471;0,0170698419594889;-0,347220749491886;-0,125487460574042;0,237555234232072;0,381579667877523;
